algorithm,label,input_size,repeats,mean_time_s,std_dev_s,min_time_s,max_time_s
Dijkstra,Dijkstra,50,5,5.534002557396889e-05,2.1176698884576545e-05,4.3100095354020596e-05,9.280000813305378e-05
Prim,Prim,50,5,7.058000192046165e-05,2.2466633594942515e-05,5.6200078688561916e-05,0.00011019990779459476
BellmanFord,Bellman-Ford,50,5,2.9680016450583934e-05,7.793756539037947e-06,2.2499938495457172e-05,4.1100080125033855e-05
Dijkstra,Dijkstra,200,5,0.0005171400029212236,7.515591539246274e-05,0.00045789999421685934,0.0006376999663189054
Prim,Prim,200,5,0.0008816999848932028,0.00017182851044571137,0.0006398999830707908,0.0010215999791398644
BellmanFord,Bellman-Ford,200,5,0.060399340000003576,0.003070538499719001,0.05731609999202192,0.06441130000166595
Dijkstra,Dijkstra,500,5,0.0026544599793851377,5.364669477984598e-05,0.002562199952080846,0.0026924998965114355
Prim,Prim,500,5,0.002960659982636571,0.0001485411695215299,0.002765199984423816,0.0031668998999521136
BellmanFord,Bellman-Ford,500,5,0.7874671000055968,0.06630384939480038,0.737703499966301,0.9002255999948829
