threads,mode,label,input_size,repeats,mean_time_s,std_dev_s,min_time_s,max_time_s,speedup
1,Sequential,Sequential,1,5,0.04376512,0.005676491,0.0391564,0.0531633,
1,Parallel,Parallel-1threads,1,5,0.13193266,0.00851195,0.1229319,0.1415854,0.331723169
2,Parallel,Parallel-2threads,2,5,0.13339718,0.004008162,0.1291302,0.1381229,0.328081298
4,Parallel,Parallel-4threads,4,5,0.13453998,0.003875268,0.1310273,0.1393254,0.325294533
8,Parallel,Parallel-8threads,8,5,0.1357658,0.006370663,0.1285339,0.1452035,0.322357472
