threads,mode,label,input_size,repeats,mean_time_s,std_dev_s,min_time_s,max_time_s,speedup
1,Sequential,Sequential,1,5,0.04376511999871582,0.005676490684179439,0.039156400016508996,0.053163299919106066,
1,Parallel,Parallel-1threads,1,5,0.13193265998270362,0.008511950088027263,0.12293189996853471,0.14158539997879416,0.331723168504701
2,Parallel,Parallel-2threads,2,5,0.1333971800049767,0.004008162027519704,0.12913020001724362,0.13812290003988892,0.32808129824845667
4,Parallel,Parallel-4threads,4,5,0.13453997999895365,0.0038752678336074022,0.1310273000271991,0.13932539999950677,0.32529453326108854
8,Parallel,Parallel-8threads,8,5,0.13576579997316002,0.0063706633829150655,0.12853390001691878,0.14520349993836135,0.3223574715235198
