structure,label,input_size,repeats,mean_time_s,std_dev_s,min_time_s,max_time_s
BST,BST search,100,5,4.081998486071825e-05,3.743945110697013e-06,3.879994619637728e-05,4.75000124424696e-05
AVL,AVL search,100,5,3.7080002948641776e-05,3.3409438375809546e-06,3.5100034438073635e-05,4.299997817724943e-05
HashTable,HashTable search,100,5,1.8780003301799297e-05,2.701329268085013e-06,1.6700010746717453e-05,2.350006252527237e-05
BST,BST search,1000,5,0.00011954000219702721,1.1246020870257527e-05,0.00011030002497136593,0.00013770000077784061
AVL,AVL search,1000,5,0.00011338000185787678,7.423419418831906e-06,0.00010910001583397388,0.0001265000319108367
HashTable,HashTable search,1000,5,5.123999435454607e-05,2.4240680143412255e-05,4.0199956856667995e-05,9.459990542382002e-05
BST,BST search,10000,5,9.570000693202019e-05,4.718034554045916e-06,9.290000889450312e-05,0.00010409997776150703
AVL,AVL search,10000,5,0.00010857998859137297,1.0496288119861949e-05,0.00010110007133334875,0.000125700025819242
HashTable,HashTable search,10000,5,5.085999146103859e-05,3.177724817245472e-05,3.599992487579584e-05,0.00010770000517368317
